Topic_1,Topic_2,Topic_3,Topic_4,Topic_5,Topic_6,Topic_7,Topic_8,Topic_9,Topic_10
肄붾줈<eb>굹,<ec>씠,<ed>쉶<ec>옣,媛ㅻ윮<ec>떆,湲곗뾽,遺<ed>쉶<ec>옣,<ec>꽭怨<84>,諛<9b>,寃쎌젣,<ec>쟾
<ec>떆<ec>옣,<ec>엳,<ed>븯,<ec>뒪留덊듃<ed>룿,諛섎룄泥<b4>,<ec>닔<ec>궗,誘멸뎅,肄붾줈<eb>굹,愿<eb>젴,諛앺삍
援<ad><eb>궡,<ec>씠嫄댄씗,怨듭옣,異쒖떆,<ec>떊醫<85>,<ec>씠<ec>옱<ec>슜,媛먯뿼利<9d>,<eb><8c><ed>븳,<ed>쉶<ec>옣,誘몃옒
湲곗닠,理쒓렐,<ec>깮<ec>궛,<ec>쟾<ec>옄,遺꾧린,寃李<b0>,諛붿씠<eb>윭<ec>뒪,<eb>뵲瑜<b4>,<eb><8c><ed>넻<eb>졊,<eb>몢
以묎뎅,<ec>궛<ec>뾽,<ec>궗<ec>뾽,怨듦컻,洹몃９,<ec>씠,<ed>븳援<ad>,諛쒗몴,<ec>쓽<ec>썝,<ec>씠踰<88>
<ec>젣<ed>뭹,<ec>삤<ec>쟾,<ec>궗,理쒓퀬,<ec>삱<ed>빐,<ec>쐞<ec>썝<ed>쉶,<ec>뾽怨<84>,<ec>씠<eb>궇,<eb><8c><ed>몴,<ec>떆<ec>옉
吏<eb>궃,留<90>,寃쎌젣,<eb>끂<ed>듃,遺<ed>쉶<ec>옣,<ec>쓽<ed>샊,<eb>뵲瑜<b4>,<ec>젙遺,湲곗옄,吏꾪뻾
<ed>븳,<eb>뜑,<ec>씠<ed>썑,<eb>뜑釉<94>,<ec>씠<ec>옱<ec>슜,湲곗냼,湲濡쒕쾶,<ec>궗<ec>옣,寃곗젙,媛<eb>뒫
吏곸썝,洹<b8>,議곗궗,<ec>꽌鍮꾩뒪,吏<eb>궃<ed>빐,<ec>듅怨<84>,<ec>뾽泥<b4>,<eb>뵒<ec>뒪<ed>뵆<eb>젅<ec>씠,<ec>씤<ec>궗,寃곌낵
理쒕<8c>,蹂꾩꽭,<ed>솗吏<84>,<ed>뤃,肄붿뒪<ed>뵾,<ec>꽌<ec>슱,媛쒕컻,二쇱슂,<ec>꽌<ec>슱,媛<ec>옣
